Timestamp,T1,T2,H1,H2,Fault_Type,Label
01-01-2024 00:00,27.9477609,38.40510675,65.70607209,46.28708737,Normal,1
01-01-2024 00:01,37.57615687,20.28635444,62.02774268,47.97643764,Stuck-at,-1
01-01-2024 00:02,37.89711819,21.32283593,44.97688603,63.44999306,Out of Bounds,-1
01-01-2024 00:03,26.9121234,26.42041561,44.60418906,57.48094942,Gain,-1
01-01-2024 00:04,24.9667207,34.64480993,42.55261168,53.02432833,Normal,1
01-01-2024 00:05,31.74450146,33.96778646,56.08701929,42.61703143,Normal,1
01-01-2024 00:06,34.34948634,38.71008001,64.56539081,63.75941679,Gain,-1
01-01-2024 00:07,28.19559777,22.10454026,46.97057129,60.845863,Normal,1
01-01-2024 00:08,27.3288825,27.43141228,59.17855268,54.74759516,Stuck-at,-1
01-01-2024 00:09,24.92778774,22.76664747,57.53304012,50.81702355,Normal,1
01-01-2024 00:10,24.93408812,36.68613745,56.47962462,51.26746678,Normal,1
01-01-2024 00:11,29.65361818,21.7754292,68.05452627,49.44237422,Out of Bounds,-1
01-01-2024 00:12,25.88312212,32.70782231,64.88525404,44.64520672,Normal,1
01-01-2024 00:13,22.98765469,36.2338402,43.41270616,66.24991119,Offset,-1
01-01-2024 00:14,26.09379326,23.20571219,52.48058226,53.94168955,Gain,-1
01-01-2024 00:15,31.54602412,22.90577797,64.64509605,52.28963359,Gain,-1
01-01-2024 00:16,28.04452885,20.00356316,49.12512778,67.24692592,Out of Bounds,-1
01-01-2024 00:17,29.69469751,37.58622674,63.93683618,40.60081547,Normal,1
01-01-2024 00:18,28.63051069,36.13706698,54.36565241,43.16293444,Offset,-1
01-01-2024 00:19,38.58252587,37.58220505,64.84160336,68.91814293,Out of Bounds,-1
01-01-2024 00:20,23.66083312,30.36381763,44.31704972,48.91783392,Data Loss,-1
01-01-2024 00:21,25.50695192,34.18595781,41.70335158,50.22276237,Stuck-at,-1
01-01-2024 00:22,22.49171167,21.63896675,40.87057239,64.79104761,Normal,1
01-01-2024 00:23,27.43328505,24.89603332,40.34904176,48.22382227,Normal,1
01-01-2024 00:24,30.76533237,31.84278508,69.07410172,61.59045654,Normal,1
01-01-2024 00:25,39.8412193,27.41441683,55.01311038,67.46272528,Normal,1
01-01-2024 00:26,25.01808775,30.51436925,57.53311804,51.86316712,Normal,1
01-01-2024 00:27,30.7478181,35.7208241,56.60152379,52.85637742,Normal,1
01-01-2024 00:28,36.31369751,29.85085851,53.89941423,53.31724998,Normal,1
01-01-2024 00:29,21.25851913,26.22092952,56.79433802,58.63675912,Normal,1
01-01-2024 00:30,23.77358157,21.52254275,49.0240152,69.15601958,Normal,1
01-01-2024 00:31,35.84158597,37.32118189,59.37308134,50.99173863,Normal,1
01-01-2024 00:32,38.79815166,24.74201938,57.40122323,56.86479436,Normal,1
01-01-2024 00:33,27.705902,34.04820049,49.87293083,56.39489295,Normal,1
01-01-2024 00:34,28.98543331,31.93953518,40.76890716,41.64993776,Out of Bounds,-1
01-01-2024 00:35,31.70213377,32.40013688,58.62935543,51.43402931,Normal,1
01-01-2024 00:36,22.16846785,25.71639621,50.97957949,44.71974448,Normal,1
01-01-2024 00:37,25.34799374,27.12657797,47.5906501,65.01371576,Spike,-1
01-01-2024 00:38,32.11913044,21.03925186,50.78066435,48.76225825,Stuck-at,-1
01-01-2024 00:39,32.03057192,39.65546289,43.91389072,40.41190954,Gain,-1
01-01-2024 00:40,27.55523,31.79614821,61.06949301,60.70284763,Normal,1
01-01-2024 00:41,22.47589725,24.76427769,57.64391594,43.21831549,Normal,1
01-01-2024 00:42,31.48720756,38.04182296,58.91493805,52.18162854,Data Loss,-1
01-01-2024 00:43,38.98944205,25.91817944,42.7814674,50.04230788,Normal,1
01-01-2024 00:44,39.9263241,20.7157393,53.281067,41.61087419,Data Loss,-1
01-01-2024 00:45,22.57144574,31.37182611,64.07171198,46.01090594,Normal,1
01-01-2024 00:46,24.77929679,30.95154176,56.23875664,60.18012343,Normal,1
01-01-2024 00:47,23.89556787,34.43903257,53.09164735,64.1002719,Normal,1
01-01-2024 00:48,20.24605641,25.70146785,58.73244548,69.23821928,Normal,1
01-01-2024 00:49,30.58765201,36.4905447,42.82982569,69.8088912,Stuck-at,-1
01-01-2024 00:50,28.88819061,35.81431158,41.09178022,65.43985426,Normal,1
01-01-2024 00:51,35.84436088,35.97408017,53.68842107,62.53276342,Stuck-at,-1
01-01-2024 00:52,22.19380372,29.43510604,49.67551215,52.06294568,Normal,1
01-01-2024 00:53,27.1310892,39.98169965,44.01028277,63.41159402,Out of Bounds,-1
01-01-2024 00:54,33.95324044,37.4231571,43.47705044,67.27403552,Normal,1
01-01-2024 00:55,22.56051624,33.57342058,58.225132,62.89408947,Spike,-1
01-01-2024 00:56,27.06821874,30.86365882,42.64999438,66.42025269,Stuck-at,-1
01-01-2024 00:57,28.87100017,33.05343845,60.17328459,43.25646855,Offset,-1
01-01-2024 00:58,32.40831252,35.21459142,66.62612307,41.9000277,Out of Bounds,-1
01-01-2024 00:59,37.31767904,30.09253823,49.72801307,42.46005113,Normal,1
01-01-2024 01:00,27.81145686,25.03222002,64.74707607,62.97111589,Gain,-1
01-01-2024 01:01,27.34092132,25.6521336,58.35197642,40.86647378,Normal,1
01-01-2024 01:02,24.94716585,34.86897218,65.9225952,46.75792669,Out of Bounds,-1
01-01-2024 01:03,36.91462761,36.85539251,65.17234005,59.12711042,Offset,-1
01-01-2024 01:04,38.54947217,21.46414978,57.86694968,41.35107239,Offset,-1
01-01-2024 01:05,23.17909342,26.39897358,43.49386942,57.51337839,Normal,1
01-01-2024 01:06,34.14554433,27.44392876,54.99377085,51.68463136,Offset,-1
01-01-2024 01:07,26.33410714,34.0843123,43.12526257,66.85097553,Normal,1
01-01-2024 01:08,31.00710109,20.21849638,46.79902778,55.50513232,Spike,-1
01-01-2024 01:09,25.46850268,37.66438291,49.67442303,66.41313722,Stuck-at,-1
01-01-2024 01:10,24.70991757,33.57161937,66.25035339,43.55824397,Normal,1
01-01-2024 01:11,31.49500324,33.52527822,50.21612039,60.64967967,Gain,-1
01-01-2024 01:12,33.6565742,25.18607116,44.44840431,44.19820564,Normal,1
01-01-2024 01:13,30.57596666,36.48726341,54.59678725,41.4977362,Normal,1
01-01-2024 01:14,20.20152495,20.58949641,66.20783592,40.05048994,Spike,-1
01-01-2024 01:15,35.65033693,32.68009668,56.61663559,61.24330437,Normal,1
01-01-2024 01:16,32.53581239,26.3324333,54.2430841,64.19489896,Normal,1
01-01-2024 01:17,25.18852451,27.27720078,59.03504487,54.28424766,Normal,1
01-01-2024 01:18,32.38428611,38.47070177,67.38355589,40.67935846,Normal,1
01-01-2024 01:19,34.47616327,22.92003613,42.08117182,55.56865913,Normal,1
01-01-2024 01:20,28.65838791,39.24732177,47.73162939,53.31824483,Normal,1
01-01-2024 01:21,27.97268713,37.29506098,63.05892574,57.04327012,Normal,1
01-01-2024 01:22,35.44128488,27.84096678,56.98579889,42.27281069,Gain,-1
01-01-2024 01:23,29.95406875,27.54443602,59.63104848,69.37748706,Data Loss,-1
01-01-2024 01:24,32.04871026,25.22471966,53.75065147,63.35879996,Normal,1
01-01-2024 01:25,23.53406107,24.64213958,52.0107791,53.62542109,Stuck-at,-1
01-01-2024 01:26,37.42038863,30.46008719,61.30942248,61.91439917,Normal,1
01-01-2024 01:27,38.85825289,21.27871827,55.13445571,56.80677039,Spike,-1
01-01-2024 01:28,28.10246112,23.99077227,68.50338768,48.52485702,Stuck-at,-1
01-01-2024 01:29,31.83631191,36.98544414,63.76401787,47.807081,Normal,1
01-01-2024 01:30,27.42798997,25.86025076,64.46523512,67.39232911,Normal,1
01-01-2024 01:31,35.18659715,28.47172701,44.90987641,55.90892552,Normal,1
01-01-2024 01:32,30.04986009,31.36324201,64.68104325,52.87674658,Normal,1
01-01-2024 01:33,32.57067258,33.95288351,54.27887483,47.64869057,Normal,1
01-01-2024 01:34,30.00961871,25.10765033,64.45647058,46.73380793,Normal,1
01-01-2024 01:35,23.12003107,35.96737193,68.82989501,51.39259255,Gain,-1
01-01-2024 01:36,24.70383274,30.92438248,49.14747113,66.70192829,Normal,1
01-01-2024 01:37,30.98591144,39.54900218,48.69425395,60.20581255,Normal,1
01-01-2024 01:38,25.18509556,25.57409124,57.72072743,58.30394363,Normal,1
01-01-2024 01:39,38.95870827,20.4577773,40.41771313,67.13227202,Normal,1
01-01-2024 01:40,37.48040814,31.05298899,52.50019588,45.08896891,Out of Bounds,-1
01-01-2024 01:41,20.67130387,20.83507154,64.03243692,49.35498801,Normal,1
01-01-2024 01:42,35.69993868,20.52090682,58.44806888,53.46831835,Normal,1
01-01-2024 01:43,22.55396778,26.35745377,60.06376544,64.53390713,Out of Bounds,-1
01-01-2024 01:44,29.35940251,23.33069863,60.1114525,44.27669071,Data Loss,-1
01-01-2024 01:45,34.83964244,38.60685379,67.67224996,44.53778351,Normal,1
01-01-2024 01:46,38.72409293,39.40777561,57.78909132,55.56828452,Normal,1
01-01-2024 01:47,22.43829416,32.67152448,51.17092363,67.91834108,Offset,-1
01-01-2024 01:48,23.54174201,28.49423577,67.57403189,52.77687768,Data Loss,-1
01-01-2024 01:49,36.27964399,26.16093676,53.6986367,45.53547445,Normal,1
01-01-2024 01:50,37.79128111,38.81124411,48.30822502,46.21788544,Normal,1
01-01-2024 01:51,29.03487036,21.40707468,43.87508685,66.17766441,Normal,1
01-01-2024 01:52,36.5951026,32.20894376,44.17843226,43.90405833,Normal,1
01-01-2024 01:53,39.81706288,36.6464771,44.44889976,45.81562331,Normal,1
01-01-2024 01:54,33.31027,37.73000191,59.12944692,63.5057407,Offset,-1
01-01-2024 01:55,23.46105525,31.55366062,41.98036338,65.67975246,Normal,1
01-01-2024 01:56,35.06755786,37.9200274,46.80154487,44.88779399,Normal,1
01-01-2024 01:57,21.90418746,34.122739,58.75995606,57.60689226,Gain,-1
01-01-2024 01:58,24.58842203,32.67214608,48.82407527,65.43627275,Normal,1
01-01-2024 01:59,22.0197443,35.35602096,63.89781473,46.96168135,Gain,-1
01-01-2024 02:00,39.92454835,23.12265876,45.12583276,65.90437952,Normal,1
01-01-2024 02:01,24.4591021,37.49876412,60.96520509,40.04603103,Stuck-at,-1
01-01-2024 02:02,23.58368867,28.64540798,66.24572359,67.09406061,Spike,-1
01-01-2024 02:03,38.64868863,34.67818159,66.88972894,43.23549832,Normal,1
01-01-2024 02:04,20.81649337,37.63796088,41.83566053,56.14080621,Normal,1
01-01-2024 02:05,26.01829832,35.97672776,58.06934625,67.51427513,Gain,-1
01-01-2024 02:06,22.76978375,25.19412304,41.04574586,48.18098488,Normal,1
01-01-2024 02:07,32.79795889,23.96734269,59.58242402,62.30458898,Normal,1
01-01-2024 02:08,37.90054332,23.59772981,56.05308277,54.27082902,Normal,1
01-01-2024 02:09,27.09265757,33.72842728,47.85352252,62.01458238,Normal,1
01-01-2024 02:10,29.62216435,28.38627704,58.18722182,57.06805449,Out of Bounds,-1
01-01-2024 02:11,25.18890089,33.35806552,55.66981017,68.18973318,Normal,1
01-01-2024 02:12,23.89320255,28.67800506,54.21771236,65.40140125,Normal,1
01-01-2024 02:13,32.38247991,36.42791515,51.13995901,50.48868484,Normal,1
01-01-2024 02:14,37.13168056,27.69501912,49.66354953,44.01266337,Offset,-1
01-01-2024 02:15,31.45870287,33.20647725,46.5858476,41.71306325,Normal,1
01-01-2024 02:16,27.14744306,23.40185132,68.54272485,59.81621464,Normal,1
01-01-2024 02:17,22.2025981,24.86184804,51.39525541,40.48160256,Normal,1
01-01-2024 02:18,35.95714101,24.55552559,44.69297162,54.29886477,Normal,1
01-01-2024 02:19,24.54512182,22.46341998,57.5780138,69.13125699,Spike,-1
01-01-2024 02:20,31.29282469,37.87842795,40.51362782,47.81280805,Normal,1
01-01-2024 02:21,36.36298521,35.91789129,60.27504464,60.65143627,Normal,1
01-01-2024 02:22,23.63113359,23.46298253,59.26147508,45.41794978,Gain,-1
01-01-2024 02:23,36.6833315,38.32680693,66.5806822,44.7186023,Out of Bounds,-1
01-01-2024 02:24,33.22354809,29.23419001,56.17115931,60.31510826,Out of Bounds,-1
01-01-2024 02:25,34.52194818,33.94931556,63.31296327,44.96068466,Normal,1
01-01-2024 02:26,37.59346655,23.71463911,50.59373342,61.7501781,Gain,-1
01-01-2024 02:27,35.57503736,29.03809036,42.11484747,42.69284655,Offset,-1
01-01-2024 02:28,28.86365944,23.97800622,52.2394229,59.47700929,Out of Bounds,-1
01-01-2024 02:29,21.79097204,30.15368245,67.5102402,61.35560127,Data Loss,-1
01-01-2024 02:30,31.9956734,29.8266792,53.74299039,46.8115785,Normal,1
01-01-2024 02:31,28.26777685,37.85625272,40.1195713,47.82880696,Normal,1
01-01-2024 02:32,22.54560213,35.56858066,44.99220425,67.86626316,Stuck-at,-1
01-01-2024 02:33,26.64413977,22.14825262,57.49450222,43.97446636,Out of Bounds,-1
01-01-2024 02:34,29.85908286,20.33280869,50.80914075,46.05508995,Normal,1
01-01-2024 02:35,35.56057994,33.66770726,52.81766667,64.57142045,Normal,1
01-01-2024 02:36,21.29207373,24.90955957,46.28550614,40.60686591,Normal,1
01-01-2024 02:37,24.99603924,21.56599859,49.95714034,42.15018716,Normal,1
01-01-2024 02:38,27.84783609,31.23347835,62.02972495,45.52215504,Data Loss,-1
01-01-2024 02:39,38.33274588,36.91984063,44.38104427,41.71583327,Normal,1
01-01-2024 02:40,23.33266516,23.72983953,44.69830477,44.2120356,Offset,-1
01-01-2024 02:41,30.8586419,36.52597105,52.08613506,69.65530219,Normal,1
01-01-2024 02:42,32.81420178,32.54498763,64.51541051,54.44258579,Stuck-at,-1
01-01-2024 02:43,33.25289985,33.09415151,43.77610789,55.27015739,Data Loss,-1
01-01-2024 02:44,33.50012074,29.44972853,50.23688662,64.75532163,Offset,-1
01-01-2024 02:45,32.17875902,20.00585422,52.32187193,64.69779877,Stuck-at,-1
01-01-2024 02:46,22.40223608,24.06999745,45.26163267,64.94065297,Normal,1
01-01-2024 02:47,31.75883915,35.42235342,56.94112188,47.89719187,Normal,1
01-01-2024 02:48,31.21830572,31.82869864,59.74558354,66.08795574,Normal,1
01-01-2024 02:49,37.96207899,21.30290606,63.64653914,49.50549803,Normal,1
01-01-2024 02:50,36.61283543,20.34166975,69.73343933,43.82434245,Normal,1
01-01-2024 02:51,34.26457117,30.12021264,53.51004462,49.04898051,Normal,1
01-01-2024 02:52,37.49018397,26.77797096,49.15379377,54.40886766,Normal,1
01-01-2024 02:53,38.2654225,31.05037051,52.55252218,52.62410446,Normal,1
01-01-2024 02:54,36.74360432,22.76823678,59.19224751,55.20206812,Out of Bounds,-1
01-01-2024 02:55,39.92229368,37.09344393,49.59822336,42.05163869,Normal,1
01-01-2024 02:56,27.99763205,30.30903439,66.16192952,44.57889295,Out of Bounds,-1
01-01-2024 02:57,22.28718482,27.3888792,41.1620039,66.84752023,Stuck-at,-1
01-01-2024 02:58,20.80883735,33.68695025,57.99614132,58.73485197,Normal,1
01-01-2024 02:59,20.57219647,38.47868902,66.07355137,44.2080875,Out of Bounds,-1
01-01-2024 03:00,31.66481326,33.79970172,52.76095614,58.46777897,Normal,1
01-01-2024 03:01,35.83592843,23.16769723,59.46732496,68.91231447,Normal,1
01-01-2024 03:02,26.77704654,39.10096829,49.16260938,42.32547231,Data Loss,-1
01-01-2024 03:03,31.76696638,38.67742963,67.28858473,59.07132515,Stuck-at,-1
01-01-2024 03:04,37.86812333,36.24701147,62.25867108,42.74780904,Offset,-1
01-01-2024 03:05,29.00545176,28.65335189,50.63424733,64.86239805,Data Loss,-1
01-01-2024 03:06,38.01439277,20.74325216,40.02124084,63.50264405,Normal,1
01-01-2024 03:07,23.14536123,28.8487648,61.06478749,47.59510706,Out of Bounds,-1
01-01-2024 03:08,39.25873903,37.80515698,45.66790063,48.04460715,Stuck-at,-1
01-01-2024 03:09,24.29124202,36.57497486,49.60222285,60.40130298,Out of Bounds,-1
01-01-2024 03:10,30.54110922,34.75577534,61.88217369,57.34682502,Data Loss,-1
01-01-2024 03:11,35.38682976,34.98890503,54.68964231,68.02101254,Normal,1
01-01-2024 03:12,38.70203937,22.55964642,48.27610687,46.87408358,Normal,1
01-01-2024 03:13,24.8732575,37.42866703,43.94497814,48.06769006,Data Loss,-1
01-01-2024 03:14,35.66655359,25.33662317,66.10191473,52.59429195,Offset,-1
01-01-2024 03:15,25.88862453,39.13815895,54.1866752,56.43998824,Normal,1
01-01-2024 03:16,21.21351913,32.85736496,67.8697297,42.27474904,Normal,1
01-01-2024 03:17,35.95989374,28.41892163,46.71501981,67.52106743,Normal,1
01-01-2024 03:18,34.91950152,31.07542298,40.25360107,44.62923105,Normal,1
01-01-2024 03:19,37.24364814,29.22725613,49.32008463,58.44393507,Offset,-1
01-01-2024 03:20,33.06294682,23.01613708,48.5850597,67.72120478,Stuck-at,-1
01-01-2024 03:21,21.83665028,25.24996303,65.53782166,60.40950998,Normal,1
01-01-2024 03:22,30.61432654,21.18220708,53.03410098,67.37207807,Normal,1
01-01-2024 03:23,33.12830089,36.58312009,55.29916886,44.94163305,Normal,1
01-01-2024 03:24,35.30054156,20.13118859,58.31739755,65.21960323,Data Loss,-1
01-01-2024 03:25,28.68175433,27.92262977,69.22691251,58.45873882,Normal,1
01-01-2024 03:26,21.03332404,32.04284988,69.4480947,44.21757002,Normal,1
01-01-2024 03:27,26.71806951,26.74785679,67.68405259,54.25813399,Normal,1
01-01-2024 03:28,36.11045083,33.31297244,69.44633037,65.36236328,Gain,-1
01-01-2024 03:29,30.34462742,20.65332969,58.00642815,43.43507996,Normal,1
01-01-2024 03:30,27.36951908,38.66779126,48.93064336,69.09544922,Stuck-at,-1
01-01-2024 03:31,27.07970143,20.36263324,50.11055464,47.67428569,Out of Bounds,-1
01-01-2024 03:32,30.76644666,20.46552421,42.29141538,68.26865678,Offset,-1
01-01-2024 03:33,37.57841655,29.9983692,65.61858849,55.8690289,Data Loss,-1
01-01-2024 03:34,27.92887117,29.49594422,59.69347341,40.6024117,Normal,1
01-01-2024 03:35,37.3125173,24.22492695,64.47499497,48.18127852,Stuck-at,-1
01-01-2024 03:36,21.81224525,37.7238949,48.1348609,40.62842626,Gain,-1
01-01-2024 03:37,37.32249004,20.11845126,60.05164259,51.88685051,Normal,1
01-01-2024 03:38,37.38998884,37.30449731,53.86103012,63.31041665,Normal,1
01-01-2024 03:39,27.56379383,28.85814599,52.72679571,63.79172918,Normal,1
01-01-2024 03:40,38.99562686,35.40195303,48.66733591,52.37129022,Normal,1
01-01-2024 03:41,20.99687192,20.30563837,48.28353151,41.07669601,Gain,-1
01-01-2024 03:42,22.27595971,20.39977683,55.66115365,42.88555278,Gain,-1
01-01-2024 03:43,35.9173612,20.63759623,54.80196738,66.34149826,Normal,1
01-01-2024 03:44,37.85856073,33.79499082,60.52749561,47.71635992,Normal,1
01-01-2024 03:45,37.35396615,35.37095149,42.89313121,67.12349751,Stuck-at,-1
01-01-2024 03:46,39.13974785,30.01335458,53.06007657,55.62571164,Normal,1
01-01-2024 03:47,28.39845125,25.52433022,61.23674077,51.46833485,Offset,-1
01-01-2024 03:48,26.61763913,35.49357517,54.7092255,61.26734429,Normal,1
01-01-2024 03:49,22.33906159,24.38229304,60.58993315,66.76593595,Gain,-1
01-01-2024 03:50,31.77185581,32.90572231,59.95263543,41.5031139,Normal,1
01-01-2024 03:51,37.63604416,30.07887257,45.38841745,49.83065503,Normal,1
01-01-2024 03:52,36.43589746,39.73844859,46.59021741,53.84711166,Out of Bounds,-1
01-01-2024 03:53,36.19971432,35.89882425,68.26536347,54.79650913,Normal,1
01-01-2024 03:54,33.47635721,25.4936015,64.98611515,49.00775803,Normal,1
01-01-2024 03:55,22.84628014,27.37514704,60.62437291,56.29954186,Normal,1
01-01-2024 03:56,36.87212602,23.46743717,51.3542403,61.23139242,Normal,1
01-01-2024 03:57,34.66434998,33.52975993,67.32045076,64.00349444,Normal,1
01-01-2024 03:58,36.2154528,26.32055887,61.54029511,45.44253756,Gain,-1
01-01-2024 03:59,29.10635382,30.33260807,66.25029463,54.79090411,Normal,1
01-01-2024 04:00,35.51546965,25.5786941,42.22347866,54.10480203,Gain,-1
01-01-2024 04:01,30.19455307,28.45431514,53.4107619,50.06360926,Out of Bounds,-1
01-01-2024 04:02,20.69281526,22.88498589,62.81645695,60.91586273,Normal,1
01-01-2024 04:03,30.37168119,28.20894458,69.85842384,40.51445792,Out of Bounds,-1
01-01-2024 04:04,28.64660167,32.61261442,65.07099155,42.27808027,Offset,-1
01-01-2024 04:05,24.61696492,36.12243662,42.21401802,64.42149176,Offset,-1
01-01-2024 04:06,20.23863831,24.323892,62.82502967,56.03802837,Gain,-1
01-01-2024 04:07,27.58511541,23.10142446,47.52701676,56.64825751,Out of Bounds,-1
01-01-2024 04:08,36.55208376,37.16667145,55.07706713,50.29332738,Offset,-1
01-01-2024 04:09,27.75061825,39.875532,51.11694995,54.28347862,Normal,1
01-01-2024 04:10,21.4503838,24.74127009,56.28981706,62.02330509,Normal,1
01-01-2024 04:11,33.64508371,29.83247868,50.02166604,60.27241957,Offset,-1
01-01-2024 04:12,22.50143538,34.34128404,49.93200495,67.16416368,Normal,1
01-01-2024 04:13,33.67371721,21.55817451,46.93270263,67.06887599,Normal,1
01-01-2024 04:14,29.02036218,23.4931283,54.98768349,59.27699789,Stuck-at,-1
01-01-2024 04:15,35.67897881,37.75462223,63.48477287,48.63578756,Gain,-1
01-01-2024 04:16,24.18435115,27.39834405,53.49382003,59.60648574,Out of Bounds,-1
01-01-2024 04:17,26.1745492,23.09337359,60.46819132,44.30182898,Gain,-1
01-01-2024 04:18,21.17317765,26.95258473,42.51213057,59.16161961,Gain,-1
01-01-2024 04:19,35.46946755,25.76633422,48.10175075,67.90372008,Offset,-1
01-01-2024 04:20,26.04065061,31.37789033,69.36048517,60.28677396,Normal,1
01-01-2024 04:21,32.59612725,35.81053333,56.03002429,54.41046265,Out of Bounds,-1
01-01-2024 04:22,33.60222837,35.88521337,47.9270459,54.42597983,Stuck-at,-1
01-01-2024 04:23,33.85706252,25.61375241,57.95170205,56.45124125,Normal,1
01-01-2024 04:24,31.337319,33.71146738,45.28422358,43.55317927,Normal,1
01-01-2024 04:25,37.66000504,26.58774992,54.26800487,57.30368637,Gain,-1
01-01-2024 04:26,21.55277943,24.20473169,64.14060088,40.89282987,Offset,-1
01-01-2024 04:27,24.78590588,28.88339138,58.20688337,58.41219363,Offset,-1
01-01-2024 04:28,20.62150903,20.62493003,44.1943033,53.89064079,Normal,1
01-01-2024 04:29,34.13954448,31.27572009,69.61526768,67.54650784,Gain,-1
01-01-2024 04:30,38.44509659,35.39228063,55.01343399,51.38858336,Normal,1
01-01-2024 04:31,32.72114849,25.8535089,62.26567359,53.12186425,Offset,-1
01-01-2024 04:32,35.28094931,23.99249802,46.51378327,63.77746673,Normal,1
01-01-2024 04:33,31.00569968,20.42266217,53.86060886,54.45486797,Normal,1
01-01-2024 04:34,37.97002227,23.57987253,67.94027853,44.91383199,Offset,-1
01-01-2024 04:35,32.76451693,21.78493758,51.72783379,55.15241314,Normal,1
01-01-2024 04:36,20.06737874,26.20278429,52.99883932,56.82379306,Normal,1
01-01-2024 04:37,23.08529945,29.36806393,40.69708767,55.57264388,Normal,1
01-01-2024 04:38,27.74657406,33.11162605,47.55977608,62.27718704,Offset,-1
01-01-2024 04:39,22.33154326,35.81735076,62.01881304,44.71890716,Offset,-1
01-01-2024 04:40,23.68447953,29.10131427,58.85344989,51.64415869,Normal,1
01-01-2024 04:41,39.4540191,21.06520402,42.68543049,69.72395399,Normal,1
01-01-2024 04:42,23.75442962,31.93044976,43.33031124,65.15285141,Spike,-1
01-01-2024 04:43,20.77115903,34.92357133,63.69091627,49.29717435,Normal,1
01-01-2024 04:44,34.97669844,31.24001203,56.10033806,62.64287448,Spike,-1
01-01-2024 04:45,28.69784711,22.58759875,45.76202322,53.75176745,Normal,1
01-01-2024 04:46,25.37965512,21.06893704,53.14530156,57.45571326,Normal,1
01-01-2024 04:47,39.21810334,36.89673139,61.00145845,60.63279343,Stuck-at,-1
01-01-2024 04:48,25.13960823,33.4213659,69.84529056,45.04890791,Normal,1
01-01-2024 04:49,21.04827543,24.25151053,65.60104788,59.58466695,Normal,1
01-01-2024 04:50,28.73280591,28.82581119,53.04695825,59.39653441,Normal,1
01-01-2024 04:51,34.73534234,33.64805342,57.15256407,53.95921996,Normal,1
01-01-2024 04:52,26.8744626,20.28712931,44.92717422,48.18097578,Offset,-1
01-01-2024 04:53,33.68865974,36.36029371,67.96063326,55.66274978,Normal,1
01-01-2024 04:54,35.93012483,30.53769052,62.27429164,49.79304639,Normal,1
01-01-2024 04:55,39.79263689,34.16447743,51.8083906,50.453517,Normal,1
01-01-2024 04:56,33.28907247,33.58469719,62.18012185,56.08662125,Offset,-1
01-01-2024 04:57,23.40701156,29.38009961,65.44231886,61.24413192,Offset,-1
01-01-2024 04:58,30.19886414,21.37742196,67.8780538,40.79382509,Offset,-1
01-01-2024 04:59,37.57286417,31.15249648,55.34819057,62.17618045,Spike,-1
01-01-2024 05:00,37.55458011,27.20101918,49.0880268,69.29552267,Stuck-at,-1
01-01-2024 05:01,29.22256289,21.05833399,42.00986488,59.7960495,Out of Bounds,-1
01-01-2024 05:02,36.35305209,39.03598936,58.77769198,68.40239428,Normal,1
01-01-2024 05:03,33.62120111,21.15177139,54.19151901,54.51804991,Normal,1
01-01-2024 05:04,29.74889342,39.69953049,47.18812173,46.00484691,Offset,-1
01-01-2024 05:05,20.08510968,23.04871758,60.52021465,40.17663042,Normal,1
01-01-2024 05:06,33.57199685,29.81618874,65.41582409,55.80251159,Normal,1
01-01-2024 05:07,23.43128688,26.95173092,44.83517582,47.00099914,Data Loss,-1
01-01-2024 05:08,20.19816428,31.34007385,56.03045506,58.02068702,Offset,-1
01-01-2024 05:09,38.33774537,35.24808558,67.60368087,66.67198784,Stuck-at,-1
01-01-2024 05:10,28.29239641,36.44091881,50.98302002,44.66631898,Normal,1
01-01-2024 05:11,36.06437701,24.29719975,46.95479155,41.85677456,Normal,1
01-01-2024 05:12,38.51778104,24.40737144,52.85168272,61.34534823,Out of Bounds,-1
01-01-2024 05:13,27.21518878,36.91802899,60.76982847,65.77558043,Normal,1
01-01-2024 05:14,36.68929737,24.83238358,54.46504162,68.1855642,Normal,1
01-01-2024 05:15,20.06790853,31.00502957,42.94246375,40.74394724,Gain,-1
01-01-2024 05:16,36.03947217,30.50793762,55.84960815,68.86470354,Normal,1
01-01-2024 05:17,36.2381123,29.46280196,64.33133897,68.88998624,Gain,-1
01-01-2024 05:18,32.28824766,33.6936533,58.2517225,54.18374903,Normal,1
01-01-2024 05:19,31.90526076,28.03094513,61.50001314,46.48483424,Normal,1
01-01-2024 05:20,38.3404834,23.29779381,52.85094517,43.34811192,Gain,-1
01-01-2024 05:21,26.48182203,37.17380178,44.49383523,63.96136422,Gain,-1
01-01-2024 05:22,34.41819106,24.84991249,57.69460296,43.30884294,Data Loss,-1
01-01-2024 05:23,22.25379069,35.8586115,67.38146864,51.90057993,Gain,-1
01-01-2024 05:24,34.07190333,33.71056277,44.5007546,57.73971159,Normal,1
01-01-2024 05:25,38.08216685,22.37949536,53.62909712,57.73292633,Normal,1
01-01-2024 05:26,38.9492805,21.95024236,66.72571873,62.67880169,Offset,-1
01-01-2024 05:27,22.27930149,24.5996512,65.5264822,57.91530784,Normal,1
01-01-2024 05:28,35.98942953,21.35415848,67.34274665,58.42702574,Offset,-1
01-01-2024 05:29,34.26862527,34.73365526,65.70818836,55.86489879,Normal,1
01-01-2024 05:30,26.81612749,37.37980333,51.83275677,41.11749387,Gain,-1
01-01-2024 05:31,37.6225878,34.04892865,57.16513131,57.97985675,Normal,1
01-01-2024 05:32,29.2565669,33.94466956,45.52639261,45.78740773,Normal,1
01-01-2024 05:33,31.66371876,28.40769066,65.91600733,52.272922,Gain,-1
01-01-2024 05:34,39.95423758,27.10499506,68.90826436,67.73026887,Normal,1
01-01-2024 05:35,36.89754981,24.52839097,69.61451713,61.68779095,Data Loss,-1
01-01-2024 05:36,23.90774653,22.40099368,61.60330579,45.73667924,Gain,-1
01-01-2024 05:37,24.99515082,38.19459529,50.89765821,65.1222503,Offset,-1
01-01-2024 05:38,26.56221197,28.67341636,44.90308079,49.83386351,Offset,-1
01-01-2024 05:39,33.65203524,26.44083578,42.3558463,55.63727069,Gain,-1
01-01-2024 05:40,36.00928956,35.79028865,57.47345256,66.96274503,Spike,-1
01-01-2024 05:41,24.55812294,24.84287756,49.56682013,44.42266148,Normal,1
01-01-2024 05:42,35.02176474,20.55318261,43.15596837,54.05484015,Normal,1
01-01-2024 05:43,32.39856536,32.16451666,68.85267007,62.26917838,Normal,1
01-01-2024 05:44,35.92608283,28.60732012,62.76418394,45.44949408,Data Loss,-1
01-01-2024 05:45,21.8944287,37.54849949,54.27945271,48.16057034,Spike,-1
01-01-2024 05:46,25.7826327,22.85675921,55.54520534,68.1233103,Normal,1
01-01-2024 05:47,28.06305575,37.46280165,44.91589982,66.02794609,Normal,1
01-01-2024 05:48,26.81696931,26.65878052,58.77471801,50.33093375,Out of Bounds,-1
01-01-2024 05:49,24.50712327,29.09904152,63.26416018,57.49707316,Out of Bounds,-1
01-01-2024 05:50,24.0702483,20.50676412,51.79020748,53.02843955,Gain,-1
01-01-2024 05:51,39.24051988,29.18114941,50.178966,46.04366389,Stuck-at,-1
01-01-2024 05:52,31.59737176,25.13133985,40.95728258,59.50939891,Offset,-1
01-01-2024 05:53,31.13015679,29.88110576,60.57422305,66.60026668,Spike,-1
01-01-2024 05:54,39.0672775,27.845771,54.98967856,59.82446003,Normal,1
01-01-2024 05:55,32.19534997,26.5743954,45.61098107,44.27056394,Gain,-1
01-01-2024 05:56,36.73902212,38.00868067,65.67494318,48.5150357,Normal,1
01-01-2024 05:57,22.21980041,27.03053248,44.91498685,43.69096916,Normal,1
01-01-2024 05:58,27.7721639,34.8073838,60.77520212,58.6001758,Gain,-1
01-01-2024 05:59,24.1482409,30.64767744,62.03033235,43.1850929,Normal,1
01-01-2024 06:00,28.55911435,27.35398287,48.71954869,60.79623035,Offset,-1
01-01-2024 06:01,26.80777139,25.42356865,67.81660841,61.16574367,Normal,1
01-01-2024 06:02,38.67144476,38.08141939,64.37613614,57.35626316,Gain,-1
01-01-2024 06:03,27.78975983,26.26872195,46.79606375,51.31777999,Gain,-1
01-01-2024 06:04,29.78218799,39.46814626,46.84941361,53.64575295,Normal,1
01-01-2024 06:05,32.69084893,39.54344441,48.83490384,59.01425836,Normal,1
01-01-2024 06:06,31.01206054,38.44338977,54.10019581,42.90196748,Offset,-1
01-01-2024 06:07,36.89024871,21.48330271,52.57353315,43.5495747,Normal,1
01-01-2024 06:08,37.43720638,22.33914573,48.62867807,58.55999679,Spike,-1
01-01-2024 06:09,26.47315421,27.59506607,47.11335819,43.62257899,Normal,1
01-01-2024 06:10,31.32146988,32.56094147,67.91905296,40.02208787,Data Loss,-1
01-01-2024 06:11,38.38470192,38.35140324,60.31296359,69.18605327,Normal,1
01-01-2024 06:12,28.81067097,34.3033947,68.27497203,58.49580153,Offset,-1
01-01-2024 06:13,36.56245904,20.82219631,60.45610893,57.63706459,Offset,-1
01-01-2024 06:14,27.58327516,21.41014673,43.64640678,44.68148844,Normal,1
01-01-2024 06:15,33.25341477,32.73401612,69.12839673,62.1411901,Normal,1
01-01-2024 06:16,22.56921275,24.65948656,52.16654628,66.00869371,Normal,1
01-01-2024 06:17,36.25232648,23.22002336,61.29141342,45.9037065,Out of Bounds,-1
01-01-2024 06:18,22.49078061,23.38656146,61.97111629,57.00120287,Normal,1
01-01-2024 06:19,24.52768801,33.21374501,67.5787308,65.37719535,Out of Bounds,-1
01-01-2024 06:20,22.8911281,37.54668473,61.86279402,63.18164325,Normal,1
01-01-2024 06:21,34.81048218,39.86857835,66.57013786,68.43911594,Normal,1
01-01-2024 06:22,38.77272026,29.62437822,40.06511736,57.7747239,Stuck-at,-1
01-01-2024 06:23,21.60784734,39.05726145,62.00029381,66.59293285,Normal,1
01-01-2024 06:24,21.15906027,38.11892907,51.20052287,62.91579809,Data Loss,-1
01-01-2024 06:25,39.95340986,26.76650108,58.20744227,56.61909641,Normal,1
01-01-2024 06:26,33.81111036,26.17080194,63.32982004,44.50106194,Gain,-1
01-01-2024 06:27,24.48240984,24.13889962,54.76120853,68.34158566,Data Loss,-1
01-01-2024 06:28,20.97294687,34.98935525,53.06393305,42.53538787,Offset,-1
01-01-2024 06:29,34.04358277,36.38117978,55.40354522,55.83491069,Normal,1
01-01-2024 06:30,27.78520875,39.21502958,42.91189908,58.24965809,Normal,1
01-01-2024 06:31,29.8243809,39.29349266,67.60521202,42.76460743,Normal,1
01-01-2024 06:32,29.84785988,23.59287822,49.26498473,62.62530495,Normal,1
01-01-2024 06:33,27.10836004,30.12800967,49.31391304,42.46041696,Normal,1
01-01-2024 06:34,20.24454563,23.72423415,47.63556862,50.62278243,Normal,1
01-01-2024 06:35,26.67644021,20.78735765,46.28044092,42.65833119,Out of Bounds,-1
01-01-2024 06:36,29.93663144,25.84055064,45.34964664,62.94239529,Normal,1
01-01-2024 06:37,27.29171657,32.90912153,41.01835892,42.99194911,Offset,-1
01-01-2024 06:38,26.67185546,27.92662858,54.86697588,48.4733344,Normal,1
01-01-2024 06:39,35.1363221,32.88038546,63.03131629,66.91351393,Gain,-1
01-01-2024 06:40,22.88478792,34.96250374,44.21061755,66.77289063,Data Loss,-1
01-01-2024 06:41,33.48094879,29.48822097,52.99804656,50.47855837,Normal,1
01-01-2024 06:42,39.57694182,20.79496927,58.33119038,45.74365825,Stuck-at,-1
01-01-2024 06:43,33.89837236,33.27851763,50.667421,42.10352302,Normal,1
01-01-2024 06:44,34.00481515,35.99706961,49.08921559,50.17581069,Stuck-at,-1
01-01-2024 06:45,30.3297522,27.46971421,62.3714218,65.70265497,Gain,-1
01-01-2024 06:46,21.70197962,29.43485075,44.39391618,42.35225772,Gain,-1
01-01-2024 06:47,26.07465888,37.23538172,46.78489292,65.40111692,Normal,1
01-01-2024 06:48,38.73019214,23.06713184,68.37403068,60.22692443,Gain,-1
01-01-2024 06:49,33.44967736,29.69533343,54.81869192,45.72718944,Normal,1
01-01-2024 06:50,21.59994691,28.73636966,42.07337707,64.58247643,Spike,-1
01-01-2024 06:51,30.99581553,27.34536057,52.17298127,64.42704717,Normal,1
01-01-2024 06:52,30.15782397,36.96288409,58.18599053,47.75613164,Gain,-1
01-01-2024 06:53,32.14554768,24.30383678,62.04981386,65.31353722,Normal,1
01-01-2024 06:54,32.9547852,36.85519884,69.31130581,60.1388448,Normal,1
01-01-2024 06:55,20.18230239,23.41497989,59.23734051,63.53517514,Normal,1
01-01-2024 06:56,31.54155667,38.76285245,67.25001363,58.38088433,Normal,1
01-01-2024 06:57,39.86264515,22.37365462,65.34504076,57.57179624,Normal,1
01-01-2024 06:58,21.4704585,26.82333116,40.75635538,46.61771013,Normal,1
01-01-2024 06:59,23.20828068,39.01214877,48.36220626,59.83570259,Normal,1
01-01-2024 07:00,29.26466699,20.83499455,58.03863703,45.3826651,Normal,1
01-01-2024 07:01,26.05454798,38.80692142,59.05717223,65.61967164,Normal,1
01-01-2024 07:02,35.09022899,32.52183842,56.82192851,55.07728202,Data Loss,-1
01-01-2024 07:03,37.9721548,28.71211235,49.30036125,59.18844213,Normal,1
01-01-2024 07:04,23.74592348,29.54395947,56.33256683,57.04943287,Normal,1
01-01-2024 07:05,38.22217341,28.97459485,60.33815753,51.17610664,Normal,1
01-01-2024 07:06,24.08014659,25.85208797,51.6621839,40.22299137,Normal,1
01-01-2024 07:07,37.91487862,36.32400613,45.69964985,42.00714344,Normal,1
01-01-2024 07:08,26.55976253,20.57314452,46.60782156,53.39889034,Offset,-1
01-01-2024 07:09,26.04929775,33.53900002,43.14370864,67.65655752,Normal,1
01-01-2024 07:10,27.45766651,28.5634219,60.02773677,60.36439823,Normal,1
01-01-2024 07:11,33.32116176,39.40976575,60.1510208,64.7112083,Out of Bounds,-1
01-01-2024 07:12,25.12548301,22.87075793,42.8181492,40.78694764,Stuck-at,-1
01-01-2024 07:13,32.72650804,30.53295568,58.28252251,59.93581631,Offset,-1
01-01-2024 07:14,28.24922902,34.01223246,64.90177091,54.84095643,Normal,1
01-01-2024 07:15,25.64199048,23.42276579,68.71999938,54.30063641,Normal,1
01-01-2024 07:16,30.45227823,23.17207589,51.57362581,55.25176403,Data Loss,-1
01-01-2024 07:17,33.34312952,37.37640281,42.6052299,41.19262595,Gain,-1
01-01-2024 07:18,28.00552534,21.49622724,47.94244527,65.24040549,Normal,1
01-01-2024 07:19,35.32233762,22.96634461,49.00495785,52.06317998,Gain,-1
01-01-2024 07:20,32.01262456,28.89061199,40.81062817,47.18171335,Normal,1
01-01-2024 07:21,31.62577878,27.97068641,51.36403641,44.61151992,Offset,-1
01-01-2024 07:22,23.60435653,22.20227001,50.6734507,63.95418136,Offset,-1
01-01-2024 07:23,33.06784317,22.63840073,68.5965863,56.08175556,Gain,-1
01-01-2024 07:24,34.6185869,25.99109751,44.35329661,63.32466057,Normal,1
01-01-2024 07:25,34.43425243,31.17121112,54.65256693,58.92162688,Normal,1
01-01-2024 07:26,32.97666493,35.22584511,50.25934105,62.72034327,Out of Bounds,-1
01-01-2024 07:27,22.1125031,23.07633241,53.21392474,46.34839696,Normal,1
01-01-2024 07:28,27.20703089,37.98684384,53.64974441,60.62481094,Normal,1
01-01-2024 07:29,30.18246755,25.79620976,69.18228176,55.51578481,Data Loss,-1
01-01-2024 07:30,27.22920064,39.03042587,51.0752282,49.0705902,Normal,1
01-01-2024 07:31,23.75153389,24.52891157,61.33621634,55.26970817,Normal,1
01-01-2024 07:32,22.6067264,23.1765291,40.16359827,50.07248242,Normal,1
01-01-2024 07:33,20.86623182,35.40897814,62.14144539,57.70237522,Stuck-at,-1
01-01-2024 07:34,24.24243476,21.60910819,69.77477852,50.92585382,Normal,1
01-01-2024 07:35,26.02205431,36.16225634,57.42715299,68.06913661,Normal,1
01-01-2024 07:36,23.44102748,36.81042222,67.64491809,61.22410592,Offset,-1
01-01-2024 07:37,35.5552065,23.95518891,58.64651766,57.43203112,Normal,1
01-01-2024 07:38,33.87618038,20.41999665,53.44735566,66.13369935,Data Loss,-1
01-01-2024 07:39,26.42934859,38.36606672,64.52269213,60.61400829,Out of Bounds,-1
01-01-2024 07:40,36.75671972,36.70157115,41.57117496,61.30798284,Normal,1
01-01-2024 07:41,31.91140287,29.33554859,54.64882518,49.86303775,Offset,-1
01-01-2024 07:42,35.58074855,35.48101697,45.53734007,56.44918666,Normal,1
01-01-2024 07:43,20.12532454,29.50827717,62.47329968,67.47082001,Stuck-at,-1
01-01-2024 07:44,22.79635571,21.91082482,69.57271468,65.94397867,Normal,1
01-01-2024 07:45,22.6971761,23.15311571,52.793328,62.07548132,Out of Bounds,-1
01-01-2024 07:46,37.01133883,26.02554036,65.29179719,50.81385381,Normal,1
01-01-2024 07:47,24.20272839,36.20650712,64.01288176,68.1443985,Stuck-at,-1
01-01-2024 07:48,38.03338725,39.52550449,60.54798326,62.49382943,Gain,-1
01-01-2024 07:49,29.27166317,20.94204627,47.24717337,51.43646145,Out of Bounds,-1
01-01-2024 07:50,35.13458982,33.69542341,63.06192971,53.11352941,Offset,-1
01-01-2024 07:51,20.96341744,30.60632932,53.23933624,47.7302217,Out of Bounds,-1
01-01-2024 07:52,20.71410714,23.44632316,66.09694117,53.63578211,Out of Bounds,-1
01-01-2024 07:53,31.31233116,37.94734827,44.83173293,65.86081397,Data Loss,-1
01-01-2024 07:54,39.83697809,37.50233553,47.34882116,58.97346471,Stuck-at,-1
01-01-2024 07:55,33.6811063,24.52280015,68.44319515,65.05119469,Normal,1
01-01-2024 07:56,23.62769619,33.66608511,59.40841084,52.45457961,Normal,1
01-01-2024 07:57,27.41642941,35.55565032,64.45133687,66.74921377,Normal,1
01-01-2024 07:58,22.4875878,38.1296318,55.82920484,56.484034,Normal,1
01-01-2024 07:59,30.43393682,22.53897177,60.54694901,43.78010846,Offset,-1
01-01-2024 08:00,38.95268506,31.97053933,44.70196911,46.18417626,Spike,-1
01-01-2024 08:01,26.49743251,36.4767443,63.36436291,44.59063046,Normal,1
01-01-2024 08:02,33.35871988,36.30236328,56.70874873,51.44634174,Out of Bounds,-1
01-01-2024 08:03,25.62804807,34.67839113,60.41817626,43.9896629,Stuck-at,-1
01-01-2024 08:04,28.83429347,21.8808555,44.55752579,64.71918477,Normal,1
01-01-2024 08:05,31.77248344,35.92673639,62.84323267,54.04069932,Gain,-1
01-01-2024 08:06,27.18295866,31.82042189,62.25488971,54.09191256,Normal,1
01-01-2024 08:07,26.4070376,35.97531244,68.76214711,64.70306242,Data Loss,-1
01-01-2024 08:08,25.65563804,39.30926394,41.08970101,67.86151257,Offset,-1
01-01-2024 08:09,34.74528879,21.3680812,53.06746764,44.62562005,Normal,1
01-01-2024 08:10,38.74073904,30.8691286,53.60969402,61.10038058,Normal,1
01-01-2024 08:11,23.14337073,38.33053715,48.64521452,64.75918793,Out of Bounds,-1
01-01-2024 08:12,33.89962576,38.33584811,53.00497112,50.45774771,Offset,-1
01-01-2024 08:13,35.07260113,22.35792785,58.23933898,61.0752171,Normal,1
01-01-2024 08:14,37.11775367,37.14894738,48.82652775,52.11449717,Normal,1
01-01-2024 08:15,22.21180331,28.8991969,66.8267547,44.84968926,Out of Bounds,-1
01-01-2024 08:16,32.22553703,20.60208175,58.99984971,40.00456959,Normal,1
01-01-2024 08:17,38.16986315,39.99079076,66.46640592,60.63338299,Gain,-1
01-01-2024 08:18,39.65005551,25.76009679,40.69991939,50.07715111,Normal,1
01-01-2024 08:19,20.84757828,24.36970347,68.2064688,64.80271396,Out of Bounds,-1
01-01-2024 08:20,33.6211164,39.67057947,67.93485762,63.64531694,Normal,1
01-01-2024 08:21,26.11973091,27.76125999,55.29855485,56.09049202,Out of Bounds,-1
01-01-2024 08:22,36.22481352,23.48093886,40.47384557,52.38296935,Data Loss,-1
01-01-2024 08:23,26.85949443,28.80933453,56.53967254,44.2464625,Gain,-1
01-01-2024 08:24,29.59249651,31.6838478,41.53784535,66.02137206,Spike,-1
01-01-2024 08:25,22.56998172,34.37312737,50.82257737,60.72093163,Offset,-1
01-01-2024 08:26,32.46994773,32.4274242,41.45393109,52.06133243,Normal,1
01-01-2024 08:27,30.00604664,26.26095019,54.63475013,44.03879099,Normal,1
01-01-2024 08:28,24.50792137,36.59579141,60.79168657,41.89332405,Normal,1
01-01-2024 08:29,30.83270876,32.77759561,50.71049693,62.27773996,Normal,1
01-01-2024 08:30,23.04120228,24.29459968,52.47935243,47.26165046,Normal,1
01-01-2024 08:31,39.6268548,23.11575934,48.3420817,67.86911679,Normal,1
01-01-2024 08:32,26.89782938,26.98534077,40.37592214,60.12155719,Gain,-1
01-01-2024 08:33,33.00241982,30.30736894,42.72608023,42.60994417,Normal,1
01-01-2024 08:34,22.65542589,33.79938048,44.51941141,59.72818735,Data Loss,-1
01-01-2024 08:35,27.3168992,20.02421208,63.29271529,53.28077613,Gain,-1
01-01-2024 08:36,39.72256314,24.53059941,64.30089107,44.41590425,Gain,-1
01-01-2024 08:37,31.0328587,33.11366636,45.75654886,69.70081944,Stuck-at,-1
01-01-2024 08:38,38.13051606,30.16898272,40.56588807,48.63036397,Gain,-1
01-01-2024 08:39,27.90335699,31.25334999,49.09229381,52.29335678,Normal,1
01-01-2024 08:40,37.18409783,34.05065458,55.40616316,59.69102955,Stuck-at,-1
01-01-2024 08:41,25.65452998,34.86984126,55.86764587,59.04351285,Normal,1
01-01-2024 08:42,28.64730276,39.91490337,43.40065606,46.03152548,Gain,-1
01-01-2024 08:43,35.52772751,24.46544706,63.09188144,67.63156495,Normal,1
01-01-2024 08:44,37.60701696,23.79594773,53.48246861,63.07235733,Offset,-1
01-01-2024 08:45,36.08202528,23.50788002,58.9251942,49.48927242,Offset,-1
01-01-2024 08:46,20.02227785,26.35613272,50.46641704,60.63018672,Normal,1
01-01-2024 08:47,20.74019885,22.77848731,48.11503784,68.91416386,Out of Bounds,-1
01-01-2024 08:48,31.31385727,38.89670915,56.11236129,59.40257305,Stuck-at,-1
01-01-2024 08:49,25.21493663,36.58241958,60.99410586,67.2767472,Normal,1
01-01-2024 08:50,27.82555146,30.78501329,64.48097493,62.00455545,Normal,1
01-01-2024 08:51,33.2723989,31.5874657,64.49781523,59.10792895,Gain,-1
01-01-2024 08:52,29.14042447,39.19340595,48.49896764,64.24144731,Offset,-1
01-01-2024 08:53,32.28123627,37.88587859,58.87705408,43.63356902,Normal,1
01-01-2024 08:54,29.29110076,29.95085052,54.09117323,48.36098918,Stuck-at,-1
01-01-2024 08:55,27.93058118,37.96712038,41.60553349,65.69131298,Gain,-1
01-01-2024 08:56,32.56263091,30.30078276,51.50791676,63.9625307,Gain,-1
01-01-2024 08:57,31.2540433,27.44964103,65.83310735,66.79410346,Out of Bounds,-1
01-01-2024 08:58,39.21081901,38.83047008,47.28258411,60.02958947,Stuck-at,-1
01-01-2024 08:59,32.9148825,37.92978913,50.76668745,62.46514928,Out of Bounds,-1
01-01-2024 09:00,38.11558906,22.80567276,63.37559767,54.61528553,Normal,1
01-01-2024 09:01,26.05774571,38.11918237,42.09300003,67.79327478,Normal,1
01-01-2024 09:02,38.97388509,21.27841902,51.63154146,44.7515308,Gain,-1
01-01-2024 09:03,25.92493691,29.84992724,43.87829919,53.35194132,Spike,-1
01-01-2024 09:04,35.56309536,26.35744919,45.97550302,64.93670679,Gain,-1
01-01-2024 09:05,21.33351505,26.19331906,51.53236361,41.88709988,Data Loss,-1
01-01-2024 09:06,34.89223694,20.95218869,68.39158189,49.88223094,Normal,1
01-01-2024 09:07,34.68968168,31.81101858,69.77403402,56.42926494,Normal,1
01-01-2024 09:08,34.88230511,20.29024088,46.3452736,44.6226973,Data Loss,-1
01-01-2024 09:09,26.38204924,35.6280623,62.90808598,61.47680127,Normal,1
01-01-2024 09:10,24.15277419,26.06902033,54.81924671,42.27843292,Gain,-1
01-01-2024 09:11,39.79946059,28.7429393,59.15005621,50.37511488,Gain,-1
01-01-2024 09:12,32.31373672,32.79225535,58.81294509,67.61356732,Normal,1
01-01-2024 09:13,37.24802815,30.93225898,42.17305888,66.17152964,Normal,1
01-01-2024 09:14,26.52525532,39.14125951,49.7674247,60.85711346,Spike,-1
01-01-2024 09:15,25.98248132,34.698759,49.3456531,61.50994677,Normal,1
01-01-2024 09:16,23.88196478,29.31229195,52.87568892,48.5825709,Spike,-1
01-01-2024 09:17,33.51630832,29.27840386,66.49791664,51.80198223,Normal,1
01-01-2024 09:18,37.89302496,20.28677903,68.81745757,68.56870596,Normal,1
01-01-2024 09:19,34.54259122,24.78033919,44.14022315,48.74449106,Normal,1
01-01-2024 09:20,25.94142377,23.90187911,69.6898366,56.52682449,Gain,-1
01-01-2024 09:21,29.19226341,23.89364378,60.27465073,59.60491661,Normal,1
01-01-2024 09:22,34.46254423,21.98548826,62.86994551,59.68083603,Stuck-at,-1
01-01-2024 09:23,31.75387215,22.93294303,44.89144531,45.41748251,Normal,1
01-01-2024 09:24,35.20452161,26.21824673,59.84793392,42.37945129,Gain,-1
01-01-2024 09:25,22.12890069,20.35736062,69.10737552,65.87885506,Normal,1
01-01-2024 09:26,39.7150757,38.77418696,46.76986735,56.02724387,Gain,-1
01-01-2024 09:27,26.98035042,35.26686027,40.78983479,58.21763619,Normal,1
01-01-2024 09:28,25.8138623,33.85610354,66.25290196,63.26352401,Offset,-1
01-01-2024 09:29,34.70927677,32.79682807,69.52922081,41.21882454,Stuck-at,-1
01-01-2024 09:30,24.8599407,36.82896346,65.89289623,65.26334406,Normal,1
01-01-2024 09:31,26.87038475,32.06082799,66.5020191,52.52109503,Normal,1
01-01-2024 09:32,28.35449195,28.52460553,67.26793585,69.24026279,Offset,-1
01-01-2024 09:33,25.29796054,24.68752241,41.31782025,57.96933943,Normal,1
01-01-2024 09:34,37.56000179,21.35095997,42.36647147,58.0212791,Normal,1
01-01-2024 09:35,31.03589191,37.58444352,59.33884095,51.04584838,Spike,-1
01-01-2024 09:36,28.2331261,34.30014885,56.27591534,45.1913223,Gain,-1
01-01-2024 09:37,24.91446088,31.61881352,61.32090195,64.39148137,Normal,1
01-01-2024 09:38,36.68844383,21.92436669,43.37985192,49.99074786,Stuck-at,-1
01-01-2024 09:39,35.51593833,31.60073237,48.16019323,43.51333769,Normal,1
01-01-2024 09:40,21.56899165,27.33214077,54.82040161,55.99968524,Gain,-1
01-01-2024 09:41,21.62016312,26.21580742,68.97398427,41.557402,Normal,1
01-01-2024 09:42,20.40325857,29.8964438,65.2552787,49.63605471,Normal,1
01-01-2024 09:43,34.60551245,30.04578234,56.33805024,48.36566101,Normal,1
01-01-2024 09:44,31.63284549,30.40222048,43.15568009,45.48086949,Normal,1
01-01-2024 09:45,27.48459471,36.40480566,52.41098186,50.20893586,Normal,1
01-01-2024 09:46,24.31994346,22.04205225,55.08491654,50.80839924,Out of Bounds,-1
01-01-2024 09:47,29.79307858,35.40547012,45.58440492,62.68698461,Stuck-at,-1
01-01-2024 09:48,26.25420188,20.03341477,40.89049159,40.69931118,Normal,1
01-01-2024 09:49,24.38502208,32.9179627,56.59040402,67.32019411,Normal,1
01-01-2024 09:50,25.54661748,38.610575,52.52653848,42.92252927,Spike,-1
01-01-2024 09:51,21.85670239,32.42245438,43.96265888,60.81706605,Stuck-at,-1
01-01-2024 09:52,20.10771522,28.77068779,41.42191082,41.08918627,Normal,1
01-01-2024 09:53,22.39556017,35.49229283,63.756033,54.35980478,Normal,1
01-01-2024 09:54,22.33277991,32.01629603,56.05719736,42.39772697,Spike,-1
01-01-2024 09:55,36.78840303,36.45846226,45.9287878,63.93031124,Spike,-1
01-01-2024 09:56,27.6952669,31.73737984,65.73820758,44.00172183,Stuck-at,-1
01-01-2024 09:57,30.48099256,25.56955596,69.31796368,67.95042942,Normal,1
01-01-2024 09:58,25.6223074,26.18903745,64.14241052,46.02590768,Out of Bounds,-1
01-01-2024 09:59,35.73843904,36.20847743,51.04809822,47.96934974,Gain,-1
01-01-2024 10:00,37.73711701,33.47521963,52.14351763,56.65352102,Normal,1
01-01-2024 10:01,30.8251113,20.95703619,47.91282878,49.95761413,Stuck-at,-1
01-01-2024 10:02,36.56347282,25.87259241,58.58297328,69.31376974,Normal,1
01-01-2024 10:03,30.16615272,32.07615945,62.3636878,47.60412363,Normal,1
01-01-2024 10:04,38.78696733,29.53128061,67.12749257,53.65716143,Normal,1
01-01-2024 10:05,23.38853555,39.91543387,47.81231938,41.5749103,Normal,1
01-01-2024 10:06,25.21124574,26.88901393,65.48113135,52.54423786,Stuck-at,-1
01-01-2024 10:07,24.55405785,33.93688257,63.89912891,47.14753763,Gain,-1
01-01-2024 10:08,22.09925441,36.19279273,45.87202685,69.86633115,Stuck-at,-1
01-01-2024 10:09,37.87111318,38.86179468,66.4537498,63.71791745,Normal,1
01-01-2024 10:10,23.23882273,20.18891593,53.94289858,67.22394185,Normal,1
01-01-2024 10:11,22.75282882,24.98295367,40.78637643,42.56712924,Normal,1
01-01-2024 10:12,38.48536821,37.10513694,42.40339617,53.99114496,Normal,1
01-01-2024 10:13,38.57489563,24.8456191,59.22190515,53.7019932,Normal,1
01-01-2024 10:14,31.07900584,31.52097062,40.17885128,63.84764753,Normal,1
01-01-2024 10:15,22.87062255,37.64220836,54.46081213,49.25185458,Gain,-1
01-01-2024 10:16,20.91132635,33.46694893,64.91181735,63.42592222,Normal,1
01-01-2024 10:17,38.46585226,23.83721729,48.99024367,59.74281311,Stuck-at,-1
01-01-2024 10:18,24.083138,37.38431305,66.61866922,64.34694178,Spike,-1
01-01-2024 10:19,29.33042763,38.2388902,67.65040386,68.01669168,Offset,-1
01-01-2024 10:20,25.44145172,24.97277991,67.88603418,43.23598604,Normal,1
01-01-2024 10:21,20.90947167,31.22919604,66.33981206,62.32666983,Out of Bounds,-1
01-01-2024 10:22,23.54693128,37.15086304,49.32488159,48.79393617,Normal,1
01-01-2024 10:23,23.79817212,23.91889466,47.83030977,53.73604932,Gain,-1
01-01-2024 10:24,39.92298494,22.15963743,58.41538051,47.65401777,Normal,1
01-01-2024 10:25,33.47838772,39.74996398,65.26799571,64.18623665,Normal,1
01-01-2024 10:26,27.2897724,21.62757968,52.31996024,56.73852555,Normal,1
01-01-2024 10:27,39.87361141,27.35308532,45.22341645,67.14830301,Normal,1
01-01-2024 10:28,28.05221161,25.20206913,51.20836026,62.47369271,Normal,1
01-01-2024 10:29,25.54642582,29.19994849,48.88095893,60.43286385,Normal,1
01-01-2024 10:30,21.69802732,32.31126357,49.10965598,44.09388091,Out of Bounds,-1
01-01-2024 10:31,36.49609085,35.38940373,59.57706599,44.40990291,Normal,1
01-01-2024 10:32,30.73047447,27.24921963,47.58528766,49.47943088,Normal,1
01-01-2024 10:33,34.02874445,39.39589147,69.75112506,42.18460007,Normal,1
01-01-2024 10:34,22.48780397,27.13788133,63.6266521,55.13176751,Spike,-1
01-01-2024 10:35,27.16774803,37.81965551,58.8870694,66.30597669,Normal,1
01-01-2024 10:36,28.64865705,38.4254752,52.41578011,57.5019978,Normal,1
01-01-2024 10:37,24.67069933,27.07506313,44.46930917,65.2357768,Normal,1
01-01-2024 10:38,21.01386833,32.95999924,48.12096118,40.69287651,Offset,-1
01-01-2024 10:39,22.07087084,35.32496089,45.20307591,46.00319515,Stuck-at,-1
01-01-2024 10:40,37.46191896,27.26436956,41.05564201,50.78347909,Offset,-1
01-01-2024 10:41,29.83948965,35.92078806,67.50087493,55.13265024,Gain,-1
01-01-2024 10:42,25.14956847,39.56367955,43.92759337,58.02225129,Offset,-1
01-01-2024 10:43,39.6093592,26.20762416,60.04945736,58.39508155,Normal,1
01-01-2024 10:44,25.57704768,21.98976076,65.96035394,63.00643699,Spike,-1
01-01-2024 10:45,38.61362623,35.31927197,48.93714881,57.2279869,Out of Bounds,-1
01-01-2024 10:46,33.52442556,25.83501709,67.51537287,45.93215139,Stuck-at,-1
01-01-2024 10:47,28.45018289,20.44985109,66.32718486,46.87954764,Spike,-1
01-01-2024 10:48,31.89491859,21.25490735,50.22165872,67.809652,Out of Bounds,-1
01-01-2024 10:49,28.03721219,35.87402793,46.6106195,49.84233143,Out of Bounds,-1
01-01-2024 10:50,34.70372136,22.42476442,42.14257314,65.03809262,Normal,1
01-01-2024 10:51,22.34886884,38.89919174,48.865565,61.13037102,Normal,1
01-01-2024 10:52,37.6277542,24.64997128,66.00591684,58.62628944,Normal,1
01-01-2024 10:53,31.48472667,32.25789889,41.95139849,47.38815523,Gain,-1
01-01-2024 10:54,37.65678835,33.19711943,40.38956454,62.76949293,Out of Bounds,-1
01-01-2024 10:55,32.50117842,35.40130736,48.31398752,65.12072741,Normal,1
01-01-2024 10:56,23.91981701,22.37005906,66.66178743,46.01540725,Gain,-1
01-01-2024 10:57,30.96960242,39.09376838,67.85180494,48.70407298,Normal,1
01-01-2024 10:58,22.23869371,39.05434353,69.71704108,64.99145267,Spike,-1
01-01-2024 10:59,36.60963772,35.09606601,46.24860569,47.66150738,Stuck-at,-1
01-01-2024 11:00,36.04170511,25.98040384,44.28509256,55.34193241,Offset,-1
01-01-2024 11:01,22.52264847,36.20212063,58.61018675,40.5404312,Normal,1
01-01-2024 11:02,31.24921291,32.51190469,56.28830643,51.46460917,Out of Bounds,-1
01-01-2024 11:03,34.89614755,20.13174507,64.67649134,44.68114509,Offset,-1
01-01-2024 11:04,23.93314469,29.05294871,69.66887776,51.8031994,Normal,1
01-01-2024 11:05,28.67579832,28.4217365,62.77120389,57.22052624,Normal,1
01-01-2024 11:06,26.2558704,32.08466,55.9650983,40.71481329,Normal,1
01-01-2024 11:07,31.2097484,21.11131796,69.05863513,58.28296825,Gain,-1
01-01-2024 11:08,29.19547675,37.97230277,65.66687259,41.37480269,Offset,-1
01-01-2024 11:09,26.04237722,22.61739498,61.1870051,51.48554019,Gain,-1
01-01-2024 11:10,23.59657006,27.11363567,62.23732663,62.07405527,Out of Bounds,-1
01-01-2024 11:11,35.50052992,38.97091171,47.05875359,42.66128384,Normal,1
01-01-2024 11:12,37.15936058,23.14358203,63.00584804,44.51307742,Normal,1
01-01-2024 11:13,27.45716128,38.2889772,67.10633824,57.30198113,Normal,1
01-01-2024 11:14,27.2112048,21.94869793,56.53924557,64.71672355,Normal,1
01-01-2024 11:15,27.39776649,37.75670014,59.79722609,66.50915237,Out of Bounds,-1
01-01-2024 11:16,39.9320856,31.88590926,44.63244208,45.53393323,Normal,1
01-01-2024 11:17,32.93379975,22.46423138,67.93673218,69.33667173,Gain,-1
01-01-2024 11:18,23.1643789,23.62466501,54.91502001,54.02446437,Offset,-1
01-01-2024 11:19,36.79421372,22.45499303,52.63896081,67.67924142,Normal,1
01-01-2024 11:20,32.19821564,27.6080109,62.13386169,66.31448234,Stuck-at,-1
01-01-2024 11:21,35.93278054,20.03447337,42.60132512,47.1314298,Data Loss,-1
01-01-2024 11:22,23.73015688,32.71194359,43.48816837,47.01787669,Offset,-1
01-01-2024 11:23,39.55833598,29.63712461,57.84377964,43.51763796,Out of Bounds,-1
01-01-2024 11:24,22.94861795,31.35872398,62.57786864,69.99312207,Gain,-1
01-01-2024 11:25,34.6274744,23.35380978,58.79587094,57.96716448,Out of Bounds,-1
01-01-2024 11:26,29.68301695,37.35155335,69.17410926,60.19567142,Out of Bounds,-1
01-01-2024 11:27,20.82546986,22.01977454,68.75367095,48.76119325,Spike,-1
01-01-2024 11:28,20.65810961,34.53476857,59.40376473,60.08091734,Normal,1
01-01-2024 11:29,30.82319954,37.35274306,57.25789763,40.69666654,Normal,1
01-01-2024 11:30,39.72831091,22.25743934,67.03547235,46.18607009,Gain,-1
01-01-2024 11:31,23.41499542,39.5301443,53.94284024,69.85840578,Normal,1
01-01-2024 11:32,38.84841811,24.08090243,60.39637331,43.08849919,Normal,1
01-01-2024 11:33,22.83032913,30.80866549,54.22013965,52.73586139,Normal,1
01-01-2024 11:34,38.70960138,34.54387392,57.19104354,63.65998757,Offset,-1
01-01-2024 11:35,33.74731934,27.87673023,51.90270135,57.14897953,Normal,1
01-01-2024 11:36,29.70295788,27.33425542,42.73546291,63.44151346,Offset,-1
01-01-2024 11:37,29.12908941,27.7715042,42.40429556,62.03209453,Normal,1
01-01-2024 11:38,36.29915971,36.64873376,49.26405914,42.22715066,Stuck-at,-1
01-01-2024 11:39,23.23086449,34.45299887,68.48525716,54.45043633,Normal,1
01-01-2024 11:40,30.94621237,36.79250277,44.66884033,61.85435864,Data Loss,-1
01-01-2024 11:41,20.26026721,31.71624538,45.51224981,51.10249367,Stuck-at,-1
01-01-2024 11:42,23.67626127,33.84070769,45.20059715,45.62867405,Data Loss,-1
01-01-2024 11:43,33.07011845,23.51542233,43.00392637,42.92257585,Normal,1
01-01-2024 11:44,38.05692634,39.64303135,47.50084134,67.34457229,Data Loss,-1
01-01-2024 11:45,29.43971895,30.69830605,65.23211849,46.10490241,Normal,1
01-01-2024 11:46,36.65030313,32.01855909,66.06305356,43.29869472,Gain,-1
01-01-2024 11:47,26.72427709,33.83890382,57.89057392,68.71100652,Normal,1
01-01-2024 11:48,30.40945314,23.70265326,42.06207956,55.61147399,Out of Bounds,-1
01-01-2024 11:49,31.71333944,25.60915325,66.89443143,45.33469446,Offset,-1
01-01-2024 11:50,24.69271824,37.7309816,67.46490742,56.76823917,Data Loss,-1
01-01-2024 11:51,23.96490149,36.63633336,54.58113029,44.32322402,Gain,-1
01-01-2024 11:52,30.35767433,28.68017539,46.85385567,45.17170987,Stuck-at,-1
01-01-2024 11:53,21.15809006,31.27001933,54.38860162,40.70900586,Normal,1
01-01-2024 11:54,29.02726964,26.6498851,42.50340008,54.97068695,Normal,1
01-01-2024 11:55,24.86655785,22.9829966,53.69393439,46.61430308,Data Loss,-1
01-01-2024 11:56,20.17472425,33.11507461,58.48554929,61.35724637,Out of Bounds,-1
01-01-2024 11:57,24.16861758,25.31521128,66.44136683,49.47389307,Stuck-at,-1
01-01-2024 11:58,24.33519293,28.40912042,54.39871703,42.51893921,Stuck-at,-1
01-01-2024 11:59,34.17584889,39.99539356,59.17826099,65.60771693,Normal,1
01-01-2024 12:00,36.35127407,25.77954542,66.99641338,52.8983963,Normal,1
01-01-2024 12:01,24.22169238,28.32202609,64.39598525,48.51072505,Out of Bounds,-1
01-01-2024 12:02,37.22645333,38.79884264,52.47550918,63.31087183,Normal,1
01-01-2024 12:03,34.68467805,28.60730966,43.95401321,56.04523021,Normal,1
01-01-2024 12:04,22.15569174,21.69676185,54.5615741,50.74391664,Normal,1
01-01-2024 12:05,34.25749122,28.72865171,44.68482292,41.97008141,Normal,1
01-01-2024 12:06,30.84376763,35.48243532,68.44834269,40.28197569,Normal,1
01-01-2024 12:07,30.31809698,20.33597312,67.53638029,46.68732599,Spike,-1
01-01-2024 12:08,32.49478287,20.91770931,51.90619002,40.19381393,Normal,1
01-01-2024 12:09,27.89543322,39.97908585,47.84401254,51.43338526,Normal,1
01-01-2024 12:10,34.06424425,22.8098153,44.15673712,68.90469869,Normal,1
01-01-2024 12:11,26.49895212,36.44493104,52.35263012,44.64698954,Normal,1
01-01-2024 12:12,38.940035,28.00526582,43.27017091,58.42618221,Normal,1
01-01-2024 12:13,30.505684,32.41571581,60.18892362,55.31725015,Normal,1
01-01-2024 12:14,31.47682648,26.58448746,49.52151113,58.70653805,Out of Bounds,-1
01-01-2024 12:15,39.06390791,23.72975363,55.3910893,55.49624439,Normal,1
01-01-2024 12:16,39.08567254,21.26077147,57.98720885,54.09492099,Out of Bounds,-1
01-01-2024 12:17,29.24413186,26.28202422,55.83097505,68.68550448,Spike,-1
01-01-2024 12:18,24.17866522,39.66354997,49.48055614,42.6856918,Normal,1
01-01-2024 12:19,36.63792018,26.32204336,44.65929922,48.8105469,Normal,1
01-01-2024 12:20,35.14974059,27.69229549,68.07337313,55.6361808,Gain,-1
01-01-2024 12:21,37.43055482,39.8777239,50.44619854,68.97890599,Normal,1
01-01-2024 12:22,20.37689825,25.10969687,59.14575165,54.83855187,Normal,1
01-01-2024 12:23,27.72376994,28.15697827,58.83146618,55.87990905,Stuck-at,-1
01-01-2024 12:24,21.77495954,23.1286934,59.86186262,58.53760322,Normal,1
01-01-2024 12:25,31.37262269,36.85193822,66.15326735,41.01961519,Normal,1
01-01-2024 12:26,38.46933062,24.91379714,69.3886141,50.16448386,Normal,1
01-01-2024 12:27,35.11980807,24.19175269,49.606018,57.21990915,Normal,1
01-01-2024 12:28,26.7868655,26.16817729,62.0701371,40.05853664,Out of Bounds,-1
01-01-2024 12:29,33.61244825,21.44273071,64.6511245,66.18310511,Offset,-1
01-01-2024 12:30,36.96505633,32.15502207,65.33395936,50.15453029,Data Loss,-1
01-01-2024 12:31,34.80082412,36.56284398,58.36507321,67.06738857,Normal,1
01-01-2024 12:32,23.68964967,24.38433757,44.11028433,60.09337806,Normal,1
01-01-2024 12:33,25.48772462,36.90107501,62.17288661,48.98890005,Out of Bounds,-1
01-01-2024 12:34,33.40461312,21.45901272,67.558811,68.24560553,Normal,1
01-01-2024 12:35,31.75108318,26.29565087,52.76577734,51.03712132,Normal,1
01-01-2024 12:36,39.2016214,31.32893217,40.57134263,63.26038856,Normal,1
01-01-2024 12:37,34.81108401,26.43803837,46.09450604,56.54819245,Gain,-1
01-01-2024 12:38,36.84314386,28.79953207,41.67515867,60.46095681,Offset,-1
01-01-2024 12:39,25.94891903,37.65180952,56.57679038,57.89249264,Normal,1
01-01-2024 12:40,25.4895336,36.46544485,42.26211562,67.92577905,Normal,1
01-01-2024 12:41,20.16635459,27.79876763,66.74229266,54.12056557,Normal,1
01-01-2024 12:42,35.87959455,36.35647179,42.0554283,67.52443482,Offset,-1
01-01-2024 12:43,36.81936021,24.09634056,46.22316805,57.71620238,Normal,1
01-01-2024 12:44,32.74739666,31.7786993,65.60694529,43.66673419,Normal,1
01-01-2024 12:45,20.83113281,25.79358897,53.15590388,66.47235631,Normal,1
01-01-2024 12:46,23.99650362,35.25172217,52.12901492,42.39927021,Spike,-1
01-01-2024 12:47,26.21513323,24.1262119,65.97866956,64.20043069,Normal,1
01-01-2024 12:48,39.98698585,38.13841693,48.69168802,59.75500215,Stuck-at,-1
01-01-2024 12:49,24.80195987,20.26567567,47.46403132,64.53654978,Normal,1
01-01-2024 12:50,28.23008586,24.95571726,50.89992131,59.97981518,Normal,1
01-01-2024 12:51,23.63839326,37.79965081,61.47588471,44.77903919,Gain,-1
01-01-2024 12:52,35.36863145,29.87714159,55.46803157,50.58702425,Normal,1
01-01-2024 12:53,28.17177639,27.33634596,54.22658352,43.68653551,Normal,1
01-01-2024 12:54,26.68120178,35.92127511,53.2324544,67.3308156,Normal,1
01-01-2024 12:55,32.68184227,35.57445666,61.97466738,69.1599578,Normal,1
01-01-2024 12:56,29.9048053,32.0349221,41.46980893,53.70635064,Data Loss,-1
01-01-2024 12:57,24.12044348,20.38974709,68.47834932,46.09692459,Offset,-1
01-01-2024 12:58,30.75460412,34.62621324,40.42397798,55.81458033,Gain,-1
01-01-2024 12:59,35.55940094,28.39758304,55.11212594,67.59775591,Out of Bounds,-1
01-01-2024 13:00,24.86317039,28.16436064,62.90150132,59.33743114,Normal,1
01-01-2024 13:01,34.56084124,31.25259201,56.1998239,42.12752111,Normal,1
01-01-2024 13:02,22.25780055,37.76299789,41.42662324,58.14410679,Normal,1
01-01-2024 13:03,31.95101351,39.48946869,68.11060884,46.62736831,Normal,1
01-01-2024 13:04,30.28032999,26.61617658,47.3675267,45.44633524,Stuck-at,-1
01-01-2024 13:05,38.32473396,38.09549767,59.08834406,57.13684875,Offset,-1
01-01-2024 13:06,39.89872198,30.87338618,62.62386403,55.82057383,Out of Bounds,-1
01-01-2024 13:07,25.92499269,28.19849118,44.91568727,63.54397447,Spike,-1
01-01-2024 13:08,34.67684822,32.48093703,47.89915907,66.62220182,Normal,1
01-01-2024 13:09,24.83256201,37.68648826,50.63799359,42.28467683,Normal,1
01-01-2024 13:10,31.71840195,32.63037712,55.48544068,65.18511777,Normal,1
01-01-2024 13:11,23.03446637,35.60868604,56.71537686,67.86045453,Offset,-1
01-01-2024 13:12,35.70644269,29.4361769,42.78186856,57.21498113,Normal,1
01-01-2024 13:13,30.57678004,21.29000065,57.02403642,47.72040967,Data Loss,-1
01-01-2024 13:14,24.40817998,29.54076373,52.67934299,59.49784309,Normal,1
01-01-2024 13:15,39.03131748,34.90432667,49.89355544,67.7294928,Gain,-1
01-01-2024 13:16,39.02712407,20.51930863,65.71030818,41.02044785,Gain,-1
01-01-2024 13:17,35.69945683,39.61915156,42.20999609,57.16537016,Stuck-at,-1
01-01-2024 13:18,24.88187733,39.24438804,43.3367909,44.87476553,Stuck-at,-1
01-01-2024 13:19,38.33831549,37.30276711,69.76908369,42.318619,Offset,-1
01-01-2024 13:20,26.66769676,35.12582802,68.84901071,53.132532,Normal,1
01-01-2024 13:21,35.15709147,22.84005697,46.71031648,40.55542805,Out of Bounds,-1
01-01-2024 13:22,27.09225057,38.5112969,65.99765251,66.01437697,Stuck-at,-1
01-01-2024 13:23,36.96509518,29.04173671,60.68388544,50.71098902,Normal,1
01-01-2024 13:24,31.16570252,29.15322431,44.78992769,57.7516135,Normal,1
01-01-2024 13:25,36.88938454,37.19518703,50.91030149,67.10552952,Gain,-1
01-01-2024 13:26,21.65668774,26.01530275,47.10920081,51.74495393,Normal,1
01-01-2024 13:27,21.24710663,32.65633423,62.60101128,56.9263306,Normal,1
01-01-2024 13:28,26.04145554,29.01790638,49.89580287,42.1020867,Normal,1
01-01-2024 13:29,22.51513048,21.91686236,62.51759063,47.72971324,Normal,1
01-01-2024 13:30,20.62829858,25.24851341,45.13682095,65.83929495,Normal,1
01-01-2024 13:31,25.92878048,27.72384,64.43964061,57.03232548,Normal,1
01-01-2024 13:32,31.26358421,30.98693812,40.28640452,59.29620537,Spike,-1
01-01-2024 13:33,31.95167519,28.18047981,49.33901503,43.90148579,Normal,1
01-01-2024 13:34,23.14387894,38.84850517,58.21680675,61.46010552,Normal,1
01-01-2024 13:35,21.85126298,22.11187364,54.5463848,69.1052635,Spike,-1
01-01-2024 13:36,27.3605295,31.35292889,62.7422407,47.24305371,Offset,-1
01-01-2024 13:37,25.53250854,30.46209483,68.79653101,58.34535482,Gain,-1
01-01-2024 13:38,28.99852925,20.76047518,66.66411978,51.57547701,Out of Bounds,-1
01-01-2024 13:39,38.24837671,33.77514703,41.76611497,42.4847755,Out of Bounds,-1
01-01-2024 13:40,39.53559788,35.26196908,44.622263,63.25025564,Normal,1
01-01-2024 13:41,27.71335032,22.28809889,42.76338974,62.90179566,Stuck-at,-1
01-01-2024 13:42,31.0035885,38.81368377,59.21833113,64.83357557,Normal,1
01-01-2024 13:43,25.11923016,32.10885659,60.70850463,44.07136053,Normal,1
01-01-2024 13:44,36.08171397,35.21491749,66.1098524,57.21315858,Out of Bounds,-1
01-01-2024 13:45,39.61208083,23.39503917,42.78667341,62.90668977,Normal,1
01-01-2024 13:46,22.90974434,32.75749262,55.31593833,43.19739967,Offset,-1
01-01-2024 13:47,35.53714174,20.46357259,69.63384718,58.9449798,Data Loss,-1
01-01-2024 13:48,38.07716185,32.10910634,60.56761724,56.32496279,Normal,1
01-01-2024 13:49,27.06748365,21.47228179,40.20358194,54.3845465,Normal,1
01-01-2024 13:50,37.758659,21.62531511,66.52377941,53.01431967,Stuck-at,-1
01-01-2024 13:51,31.67910642,33.20216543,61.50996084,69.13407999,Normal,1
01-01-2024 13:52,35.94657162,25.78251432,55.22572019,45.31458154,Normal,1
01-01-2024 13:53,20.92861978,38.69033134,66.35763431,66.85532983,Gain,-1
01-01-2024 13:54,39.39886582,27.50100459,42.85002294,64.15407116,Gain,-1
01-01-2024 13:55,27.17430968,37.07186835,69.98792994,54.22965468,Normal,1
01-01-2024 13:56,34.90574092,30.32048038,54.02613285,66.89201506,Normal,1
01-01-2024 13:57,34.58300571,20.27100621,49.21371311,58.31335458,Stuck-at,-1
01-01-2024 13:58,25.18166485,25.93711363,40.37827516,63.40866089,Gain,-1
01-01-2024 13:59,37.71684226,29.31374296,41.89188882,45.25267589,Normal,1
01-01-2024 14:00,27.6417822,28.29155434,45.55878954,69.6236115,Normal,1
01-01-2024 14:01,24.38483001,29.61147135,61.97960133,43.31892906,Spike,-1
01-01-2024 14:02,30.51147623,37.82621336,54.61236929,64.19449846,Normal,1
01-01-2024 14:03,37.69741533,34.64904434,66.4337862,58.03631778,Offset,-1
01-01-2024 14:04,22.40001935,30.88205557,64.06048976,52.68308964,Normal,1
01-01-2024 14:05,24.50721851,39.26416447,48.05983401,53.60137647,Data Loss,-1
01-01-2024 14:06,24.97030243,28.4253724,58.22641632,50.4742803,Normal,1
01-01-2024 14:07,34.45374604,29.1448377,52.23681077,41.36007967,Normal,1
01-01-2024 14:08,24.77826833,20.41263047,41.81347132,62.53021731,Offset,-1
01-01-2024 14:09,32.46619867,30.54607321,51.71578561,42.51305366,Stuck-at,-1
01-01-2024 14:10,36.16721468,36.40795447,59.58868472,43.88681696,Normal,1
01-01-2024 14:11,24.42585559,28.74416728,43.46664657,47.42340344,Normal,1
01-01-2024 14:12,24.87491821,24.81266754,59.62904188,67.59565701,Gain,-1
01-01-2024 14:13,31.69517741,22.7262912,62.75047393,46.47623493,Stuck-at,-1
01-01-2024 14:14,34.8621003,28.74986261,54.62046657,49.43685534,Normal,1
01-01-2024 14:15,38.95417064,24.54028339,53.24398813,51.91004916,Normal,1
01-01-2024 14:16,31.87390471,30.02207113,64.65552317,42.93285369,Out of Bounds,-1
01-01-2024 14:17,22.77614278,28.23142149,67.611346,66.35881526,Data Loss,-1
01-01-2024 14:18,20.37755617,33.67256288,60.59603865,58.49540319,Normal,1
01-01-2024 14:19,20.08220054,29.9854116,55.1208656,64.02721193,Normal,1
01-01-2024 14:20,39.40299514,31.87008925,42.62923446,69.78003712,Normal,1
01-01-2024 14:21,29.3105262,34.51089543,54.87164378,46.89249354,Out of Bounds,-1
01-01-2024 14:22,30.27125394,36.2877056,44.27307137,57.45053589,Normal,1
01-01-2024 14:23,27.96207553,23.23148085,68.05021143,57.55327626,Normal,1
01-01-2024 14:24,25.15526499,38.28663756,58.55108516,67.42335875,Normal,1
01-01-2024 14:25,31.02135857,31.53181354,59.83350339,45.8000061,Offset,-1
01-01-2024 14:26,30.87021161,27.88841156,52.9314256,40.31782508,Offset,-1
01-01-2024 14:27,24.44198912,37.20749456,46.81236578,59.48997945,Out of Bounds,-1
01-01-2024 14:28,35.42749415,34.079049,50.47584925,53.95184915,Offset,-1
01-01-2024 14:29,34.7157578,38.27694599,65.95296475,63.48421383,Normal,1
01-01-2024 14:30,31.83306773,39.25549961,41.23920714,52.52172843,Data Loss,-1
01-01-2024 14:31,36.28265732,25.15714611,65.82680897,49.17618459,Data Loss,-1
01-01-2024 14:32,39.62581992,27.30415988,60.20571447,46.88594011,Gain,-1
01-01-2024 14:33,32.0078774,37.08469328,50.25321759,61.19719316,Normal,1
01-01-2024 14:34,23.59148678,22.32904016,44.62115046,50.93044895,Normal,1
01-01-2024 14:35,29.59488658,36.82077218,59.65344788,50.5563361,Normal,1
01-01-2024 14:36,32.56438007,36.7127709,45.50493434,53.81568897,Out of Bounds,-1
01-01-2024 14:37,38.94197478,23.92964878,46.0153589,65.04751199,Normal,1
01-01-2024 14:38,39.393421,22.88923429,65.52062242,48.84617121,Out of Bounds,-1
01-01-2024 14:39,30.65820226,27.87067555,67.28887802,69.40137535,Normal,1
01-01-2024 14:40,29.49826679,20.50891671,67.77954651,50.78016534,Normal,1
01-01-2024 14:41,35.88778092,24.0517922,66.37841609,69.04201255,Gain,-1
01-01-2024 14:42,26.20106724,21.46795833,67.02338407,60.21468809,Out of Bounds,-1
01-01-2024 14:43,21.35884881,35.78744552,62.49083283,41.93966689,Normal,1
01-01-2024 14:44,39.7535102,27.77564019,42.91702478,41.9921897,Stuck-at,-1
01-01-2024 14:45,38.04841503,20.43115948,45.82243103,48.62830547,Offset,-1
01-01-2024 14:46,26.24884544,32.38649437,40.59786806,56.59069991,Spike,-1
01-01-2024 14:47,36.24806986,34.67402285,57.16919958,65.03461852,Normal,1
01-01-2024 14:48,21.45367928,27.95623987,62.40544642,60.78142302,Gain,-1
01-01-2024 14:49,30.50788319,38.82553875,68.65583513,58.99855181,Gain,-1
01-01-2024 14:50,39.97770452,27.30793991,44.69156195,63.01142443,Gain,-1
01-01-2024 14:51,39.51382681,35.91445414,67.49365907,60.09360573,Spike,-1
01-01-2024 14:52,33.8477722,37.79897683,45.60313258,62.63519293,Offset,-1
01-01-2024 14:53,31.478706,36.83235955,46.62038862,58.52677942,Normal,1
01-01-2024 14:54,36.84119322,34.34947521,49.31617017,66.92601691,Out of Bounds,-1
01-01-2024 14:55,25.11484022,31.16488383,64.51398213,65.25508057,Offset,-1
01-01-2024 14:56,35.08271206,27.57072514,60.1900659,66.72832021,Normal,1
01-01-2024 14:57,29.6262225,29.74603677,53.83445805,64.21834272,Normal,1
01-01-2024 14:58,26.46224588,22.49211793,54.26019935,64.71050535,Normal,1
01-01-2024 14:59,39.58287085,27.74510224,54.6041284,48.10744425,Normal,1
01-01-2024 15:00,30.52680263,23.39215817,40.51611475,64.09597481,Stuck-at,-1
01-01-2024 15:01,29.25043502,26.93709394,57.60660883,62.47367925,Normal,1
01-01-2024 15:02,29.04512789,21.10011153,45.70300467,41.92248177,Spike,-1
01-01-2024 15:03,36.96004665,39.409986,65.1331486,48.4700186,Out of Bounds,-1
01-01-2024 15:04,26.24250271,25.05493326,60.17123482,42.80606974,Normal,1
01-01-2024 15:05,34.30130477,25.50360023,64.55930772,41.22642883,Data Loss,-1
01-01-2024 15:06,36.34610462,33.4362296,64.79988132,64.86563583,Normal,1
01-01-2024 15:07,34.69419065,36.68963504,62.57317936,43.42635826,Normal,1
01-01-2024 15:08,21.17603726,30.01320218,61.32872648,57.84589556,Normal,1
01-01-2024 15:09,20.659614,29.5540461,48.81198756,51.27766985,Stuck-at,-1
01-01-2024 15:10,20.09729546,35.2483528,49.00439397,60.77600304,Data Loss,-1
01-01-2024 15:11,31.18575073,34.24706967,67.20754669,45.36757138,Spike,-1
01-01-2024 15:12,24.58595809,23.8777505,59.78794822,49.07362064,Stuck-at,-1
01-01-2024 15:13,24.71700145,30.7557716,69.18321729,40.2324291,Normal,1
01-01-2024 15:14,23.12388385,25.61235877,52.18618686,56.38811879,Spike,-1
01-01-2024 15:15,26.17649626,28.83562732,60.39934598,60.98264558,Stuck-at,-1
01-01-2024 15:16,27.63757792,26.54510589,63.36381623,50.46449789,Out of Bounds,-1
01-01-2024 15:17,32.59361557,31.87611348,56.91052019,58.84514212,Normal,1
01-01-2024 15:18,30.81185298,22.08422227,66.82460911,41.27535137,Normal,1
01-01-2024 15:19,29.7701262,21.65072353,56.54724207,60.34616994,Normal,1
01-01-2024 15:20,35.85864852,35.42739237,66.23502765,68.00252791,Stuck-at,-1
01-01-2024 15:21,31.465419,31.29551079,55.96249209,44.65566693,Out of Bounds,-1
01-01-2024 15:22,21.85294867,36.54822837,48.21590414,57.30376777,Out of Bounds,-1
01-01-2024 15:23,26.00945262,33.25280086,41.04390446,49.53781593,Stuck-at,-1
01-01-2024 15:24,25.80061201,37.69530733,43.28937368,65.74771964,Normal,1
01-01-2024 15:25,34.93704031,27.85503722,54.45293232,47.16375085,Stuck-at,-1
01-01-2024 15:26,22.72189731,36.78841121,57.26069115,63.6230322,Normal,1
01-01-2024 15:27,24.27541401,29.94014706,60.95365645,49.29240531,Normal,1
01-01-2024 15:28,29.95541149,27.30056148,44.45547863,48.58209678,Normal,1
01-01-2024 15:29,23.94897201,32.30684582,55.39397903,62.05454618,Spike,-1
01-01-2024 15:30,23.92483984,36.84826309,64.24048781,42.95031107,Spike,-1
01-01-2024 15:31,24.87863156,34.10066329,58.73097217,56.65485901,Normal,1
01-01-2024 15:32,22.43174173,30.90387991,65.7016782,67.6235357,Out of Bounds,-1
01-01-2024 15:33,23.13002782,39.95829605,57.91810091,53.68392107,Normal,1
01-01-2024 15:34,31.07570025,22.41604951,65.00704884,65.21188197,Normal,1
01-01-2024 15:35,33.0576161,39.80222791,47.07294244,55.32635729,Stuck-at,-1
01-01-2024 15:36,39.8143572,37.09619727,64.66835081,68.83854445,Gain,-1
01-01-2024 15:37,24.94066534,34.50722891,61.44487472,63.14431015,Data Loss,-1
01-01-2024 15:38,32.64867555,32.92836624,47.41281433,40.78318223,Normal,1
01-01-2024 15:39,24.12952489,20.78711616,62.43746446,65.0243791,Normal,1
01-01-2024 15:40,22.32926818,30.42768126,46.75842704,50.97626448,Gain,-1
01-01-2024 15:41,24.82178601,20.53810973,47.96546936,62.47580096,Normal,1
01-01-2024 15:42,21.97438851,24.59168332,62.86895033,47.93830085,Normal,1
01-01-2024 15:43,29.95721836,22.44006187,50.20399339,56.74375607,Normal,1
01-01-2024 15:44,35.27151231,26.1969434,47.13884976,66.58542534,Normal,1
01-01-2024 15:45,24.03645602,36.16058274,67.27197178,45.45237751,Out of Bounds,-1
01-01-2024 15:46,23.62573563,22.75528399,45.17414129,49.43659736,Normal,1
01-01-2024 15:47,30.42828436,28.05628504,48.07789639,63.92041892,Stuck-at,-1
01-01-2024 15:48,35.15408427,36.20315276,67.25195967,68.10937368,Gain,-1
01-01-2024 15:49,39.13997815,22.91427774,53.95672295,59.02033073,Normal,1
01-01-2024 15:50,35.78933265,30.37224598,41.80369283,52.11071705,Data Loss,-1
01-01-2024 15:51,23.70967098,29.57251588,53.95261648,50.24756295,Normal,1
01-01-2024 15:52,31.02103377,29.9131906,62.96571413,43.17662628,Normal,1
01-01-2024 15:53,32.89598551,39.99796308,60.04140201,67.81339476,Normal,1
01-01-2024 15:54,37.38788855,25.62870021,46.54909911,49.3121108,Normal,1
01-01-2024 15:55,23.76408588,39.70876176,60.13849409,59.07096945,Normal,1
01-01-2024 15:56,29.35048228,39.98356433,51.97385709,41.41627133,Normal,1
01-01-2024 15:57,26.98617674,26.3345622,50.45693349,58.00311469,Offset,-1
01-01-2024 15:58,29.82197277,31.3226106,58.7032651,55.89187803,Out of Bounds,-1
01-01-2024 15:59,33.96370882,23.83449073,43.55581685,43.47822002,Normal,1
01-01-2024 16:00,24.08390119,34.07563999,53.32955072,64.9555664,Spike,-1
01-01-2024 16:01,31.38690871,27.57729898,45.37676294,41.79234376,Normal,1
01-01-2024 16:02,30.90308537,38.61062033,69.75469255,65.85875177,Out of Bounds,-1
01-01-2024 16:03,27.08957255,22.9727079,52.01289837,43.35199451,Normal,1
01-01-2024 16:04,36.02236091,26.15477317,58.51599714,61.61157338,Normal,1
01-01-2024 16:05,26.29829134,37.88174769,42.64131776,50.03013204,Stuck-at,-1
01-01-2024 16:06,21.56240483,22.222897,40.26048325,55.76821849,Normal,1
01-01-2024 16:07,39.48923738,29.13452346,43.86310901,56.73567609,Data Loss,-1
01-01-2024 16:08,33.94867267,29.65730725,54.52986215,51.91458481,Normal,1
01-01-2024 16:09,24.36079788,27.14064038,60.56633794,52.83345251,Normal,1
01-01-2024 16:10,21.11014076,31.32414317,65.58956645,51.47540818,Offset,-1
01-01-2024 16:11,22.02348013,26.86409852,40.89097986,62.36499402,Normal,1
01-01-2024 16:12,25.72055609,36.65408637,46.52853609,48.97434999,Out of Bounds,-1
01-01-2024 16:13,26.59239688,23.69215444,62.20266955,51.117347,Stuck-at,-1
01-01-2024 16:14,21.18481836,39.4547524,40.89055457,52.37768159,Normal,1
01-01-2024 16:15,32.93573155,33.58017744,52.44857233,50.45740219,Offset,-1
01-01-2024 16:16,29.5952416,27.91393195,55.29407743,65.62862824,Normal,1
01-01-2024 16:17,39.81153986,25.22323019,65.70200681,69.30272874,Normal,1
01-01-2024 16:18,39.02693317,26.7580286,55.96717772,57.49462373,Stuck-at,-1
01-01-2024 16:19,22.3690759,38.08337679,67.05205153,57.89452114,Normal,1
01-01-2024 16:20,23.8926766,22.57193985,48.08017943,62.98349795,Gain,-1
01-01-2024 16:21,32.9873685,33.86563545,65.58779941,54.00751943,Data Loss,-1
01-01-2024 16:22,33.77564302,26.68831259,68.43983205,56.72023335,Stuck-at,-1
01-01-2024 16:23,20.6126005,21.47648088,58.02747748,45.25315797,Stuck-at,-1
01-01-2024 16:24,28.53346164,27.18560219,46.76923771,51.95101626,Spike,-1
01-01-2024 16:25,24.19375655,31.91532345,64.36095263,47.02920692,Normal,1
01-01-2024 16:26,21.12827592,27.75108555,54.25597281,40.73471472,Spike,-1
01-01-2024 16:27,36.25576844,38.05562738,46.50004467,44.67529163,Out of Bounds,-1
01-01-2024 16:28,33.39240639,28.62975887,42.63173731,69.04118399,Normal,1
01-01-2024 16:29,24.56089212,31.38784165,42.53163329,64.72419846,Normal,1
01-01-2024 16:30,33.70048969,34.5088404,55.55668363,69.86125291,Offset,-1
01-01-2024 16:31,36.93951026,25.67190471,58.97753831,42.47407032,Normal,1
01-01-2024 16:32,32.79284921,38.38766047,50.44679054,69.29150932,Gain,-1
01-01-2024 16:33,37.84236058,36.41866446,54.62291511,52.29213354,Normal,1
01-01-2024 16:34,25.08293204,27.02064501,40.06256828,52.07119677,Offset,-1
01-01-2024 16:35,21.25949287,21.71328555,57.43885479,65.09693748,Normal,1
01-01-2024 16:36,31.42787634,28.01165149,61.55566218,42.87847937,Offset,-1
01-01-2024 16:37,24.83528129,21.14352536,67.49795119,53.34016435,Normal,1
01-01-2024 16:38,32.89635809,32.47644615,56.02617642,47.42133922,Normal,1
01-01-2024 16:39,34.79319829,39.68301138,54.98034186,56.7682884,Offset,-1
